VendorNumber,VendorName
1,JIM BEAM BRANDS COMPANY    
2,SOUTHERN WINE & SPIRITS NE 
3,PERFECTA WINES             
4,LUXCO INC                
5, PERNOD RICARD USA         
6,WILLIAM GRANT & SONS INC   
7,BACARDI USA INC           
8,MARTIGNETTI COMPANIES
9,MOET HENNESSY USA INC      
10,TREASURY WINE ESTATES     
11, M S WALKER INC            
12,HEAVEN HILL DISTILLERIES  
13,E & J GALLO WINERY        
14,PROXIMO SPIRITS INC.       
15, PINE STATE TRADING CO     
16,VINILANDIA USA            
17,CONSTELLATION BRANDS INC    
18,BROWN-FORMAN CORP        
19, WINE GROUP INC            
20,ULTRA BEVERAGE COMPANY LLP 
21,DISARONNO INTERNATIONAL LLC 
22,BANFI PRODUCTS CORP        
23,TRINCHERO FAMILY ESTATES   
24, DIAGEO CHATEAU ESTATE WINES
25,FREDERICK WILDMAN & SONS   
26,CANDIA VINEYARDS           
27,MCCORMICK DISTILLING CO     
28,DELICATO VINEYARDS INC     
29, LABELLE VYDS AND WINERY    
30, WESTERN SPIRITS BEVERAGE CO
31,PALM BAY INTERNATIONAL INC  
32,CASTLE BRANDS CORP.        
33, SAZERAC CO INC            
34,SAZERAC NORTH AMERICA INC. 
35, KOBRAND CORPORATION        
36,STATE WINE & SPIRITS   
37, CRUSH WINES               
38,STE MICHELLE WINE ESTATES  
39,VINEYARD BRANDS INC       
40,MHW LTD                   
41,"  STOLI GROUP,(USA) LLC     "
42,DIAGEO NORTH AMERICA INC  
43,LATITUDE BEVERAGE COMPANY 
44,MAJESTIC FINE WINES        
45,POVERTY LANE ORCHARDS      
46,MOONLIGHT MEADERY          
47, EDRINGTON AMERICAS       
48,SWEET BABY VINEYARD       
49,OLE SMOKY DISTILLERY LLC   
50,VINEXTRA INC              
51,DUGGANS DISTILLED PRODUCTS  
52,SURVILLE ENTERPRISES CORP  
53, PHILLIPS PRODUCTS CO.    
54,STELLAR IMPORTING CO LLC   
55,VRANKEN AMERICA          
56,MARTIGNETTI COMPANIES 
57,CAMPARI AMERICA    
58,JEWELL TOWNE VINEYARDS     
59,REMY COINTREAU USA INC    
60,HAUNTING WHISPER VYDS      
61,ZORVINO VINEYARDS          
62,FLAG HILL WINERY & VINEYARD
63,ATLANTIC IMPORTING COMPANY 
64,SIDNEY FRANK IMPORTING CO  
65,Dunn Wine Brokers           
66,"PREMIUM PORT WINES, INC.   "
67,BULLY BOY DISTILLERS       
68,THE PIERPONT GROUP LLC     
69,"HOOD RIVER DISTILLERS, Inc."
70,Serralles Usa LLC         
71,MARSALLE COMPANY          
72,SHAW ROSS INT L IMP LTD   
73,Russian Standard Vodka     
74,BLACK PRINCE DISTILLERY INC
75,  KLIN SPIRITS LLC           
76,CHARLES JACQUIN ET CIE INC
77,SEA BREEZE CELLARS LLC
78,SMOKY QUARTZ DISTILLERY LLC
79,TALL SHIP DISTILLERY LLC 
80,FABRIZIA SPIRITS LLC
81,SEA HAGG DISTILLERY LLC
82,LAIRD & CO
83,FORTUNE WINE BROKERS LLC 
84,AMERICAN VINTAGE BEVERAGE  
85,NICHE W & S
86,MANGO BOTTLING INC
87,DJINN SPIRITS LLC
88,PREMIER DISTRIBUTORS
89,ALTAMAR BRANDS LLC
90,TAKARA SAKE USA INC 
91,VINEDREA WINES LLC 
92,PSP WINES 
93,CENTEUR IMPORTS LLC       
94,INCREDIBREW INC          
95,WEIN BAUER INC         
96,TY KU LLC             
97,CALEDONIA SPIRITS INC    
98,TAMWORTH DISTILLING        
99,SILVER MOUNTAIN CIDERS     
100,THE IMPORTED GRAPE LLC     
101,PARK STREET IMPORTS LLC   
102,R.P.IMPORTS INC           
103,FULCHINO VINEYARD INC     
104,WALPOLE MTN VIEW WINERY    
105,SWEETWATER FARM         
106,FANTASY FINE WINES CORP   
107,CAPSTONE INTERNATIONAL     
108,MILTONS DISTRIBUTING CO    
109,APPOLO VINEYARDS LLC      
110,STAR INDUSTRIES INC.      
111,Circa Wines              
112,ALISA CARR BEVERAGES          
113,WHYTE & MACKAY           
114,BLACK ROCK SPIRITS LLC    
115,BRONCO WINE COMPANY        
116,"IRA GOLDMAN AND WILLIAMS, LLP     "
117,BERNIKO LLC              
